SYMBOL,OPEN,HIGH,LOW,PREV. CLOSE,LTP,CHNG,%CHNG,"VOLUME 
(shares)","VALUE 
 (â‚¹ Crores)",52W H,52W L,30 D   %CHNG,"365 D % CHNG 
 26-Jul-2023",YAHOO_SYMBOL
PAYTM,459.00,509.05,459.00,462.80,509.05,46.25,9.99,"1,04,81,268",518.45,998.30,310.00,24.36,-34.70,PAYTM.NS
SHRIRAMFIN,"2,705.80","3,044.00","2,690.00","2,679.00","2,934.00",255.0,9.52,"64,39,336","1,850.85","3,059.45","1,760.10",-2.14,61.46,SHRIRAMFIN.NS
BHARATFORG,"1,604.60","1,694.30","1,604.60","1,592.40","1,690.00",97.6,6.13,"27,55,566",461.10,"1,804.50",867.10,0.32,87.69,BHARATFORG.NS
MPHASIS,"2,800.00","3,080.95","2,800.00","2,844.60","3,017.65",173.05,6.08,"39,19,873","1,184.15","3,080.95","2,069.10",25.23,32.83,MPHASIS.NS
ASHOKLEY,235.10,248.89,235.10,232.43,246.50,14.07,6.05,"4,58,04,874","1,122.40",248.89,157.55,2.58,35.45,ASHOKLEY.NS
PEL,938.70,998.75,938.70,938.70,993.00,54.3,5.78,"39,43,694",388.67,"1,139.95",736.60,9.34,-9.46,PEL.NS
CIPLA,"1,504.75","1,600.00","1,501.00","1,500.05","1,586.50",86.45,5.76,"46,87,416",728.36,"1,600.00","1,042.15",6.48,34.45,CIPLA.NS
DIVISLAB,"4,570.95","4,810.00","4,563.85","4,547.00","4,792.25",245.25,5.39,"12,62,221",598.06,"4,810.00","3,295.30",5.4,28.03,DIVISLAB.NS
IDEA,15.42,16.14,15.40,15.18,15.98,0.8,5.27,"74,66,10,397","1,184.12",19.18,7.50,-11.32,88.00,IDEA.NS
PIIND,"4,025.85","4,214.50","4,010.00","4,008.10","4,214.50",206.4,5.15,"7,56,611",314.67,"4,214.50","3,220.00",11.42,18.26,PIIND.NS
TATAPOWER,432.00,446.20,430.15,423.35,445.00,21.65,5.11,"3,32,85,673","1,466.33",464.20,219.80,2.89,101.31,TATAPOWER.NS
INDUSTOWER,439.90,447.35,435.00,424.85,446.00,21.15,4.98,"2,08,29,504",921.16,447.35,157.35,24.92,152.76,INDUSTOWER.NS
SJVN,156.53,159.65,147.50,141.04,148.00,6.96,4.93,"10,52,99,846","1,613.93",170.50,52.75,14.22,164.48,SJVN.NS
DELHIVERY,382.00,398.75,380.20,379.75,396.75,17.0,4.48,"34,76,015",136.81,488.00,354.20,-0.29,-1.27,DELHIVERY.NS
BHARTIARTL,"1,450.25","1,520.00","1,449.15","1,449.15","1,511.75",62.6,4.32,"95,64,987","1,433.99","1,536.25",847.05,3.76,69.18,BHARTIARTL.NS
APOLLOHOSP,"6,433.00","6,679.95","6,393.55","6,385.80","6,650.00",264.2,4.14,"4,32,671",285.17,"6,874.45","4,726.00",8.6,27.78,APOLLOHOSP.NS
LAURUSLABS,414.00,456.70,414.00,433.85,451.70,17.85,4.11,"71,86,333",319.63,484.30,328.15,5.05,30.58,LAURUSLABS.NS
LTF,174.90,180.90,174.17,173.73,180.60,6.87,3.95,"74,55,371",133.30,194.25,116.50,-0.68,-,LTF.NS
BALKRISIND,"3,165.10","3,300.00","3,163.60","3,160.95","3,284.70",123.75,3.91,"4,31,978",140.30,"3,363.95","2,193.80",3.29,32.63,BALKRISIND.NS
INDHOTEL,631.30,649.00,627.25,623.45,647.70,24.25,3.89,"46,29,592",298.05,662.95,371.60,-0.45,68.07,INDHOTEL.NS
VEDL,439.00,448.15,434.60,430.90,447.25,16.35,3.79,"2,87,49,214","1,275.98",506.75,208.00,0.54,60.38,VEDL.NS
JSWENERGY,670.00,705.80,670.00,668.15,693.00,24.85,3.72,"37,24,008",258.33,752.00,286.00,-2.63,139.65,JSWENERGY.NS
JINDALSTEL,947.20,973.50,942.30,937.80,972.00,34.2,3.65,"31,21,650",302.14,"1,097.00",581.60,-7.14,47.37,JINDALSTEL.NS
BANDHANBNK,185.10,193.25,184.75,185.83,192.60,6.77,3.64,"1,44,31,603",273.32,263.10,169.15,-6.36,-11.11,BANDHANBNK.NS
ADANIPORTS,"1,495.90","1,547.90","1,490.00","1,487.00","1,540.75",53.75,3.61,"45,00,728",688.87,"1,621.40",741.90,5.11,106.04,ADANIPORTS.NS
CHOLAFIN,"1,364.00","1,437.15","1,351.95","1,363.65","1,412.05",48.4,3.55,"22,39,763",316.07,"1,476.20",997.25,-1.35,24.21,CHOLAFIN.NS
GMRINFRA,93.90,97.69,93.89,94.10,97.42,3.32,3.53,"2,09,47,325",202.04,101.25,47.90,-1.03,97.70,GMRINFRA.NS
NMDC,232.45,239.32,232.06,229.87,237.90,8.03,3.49,"83,95,880",199.03,286.35,110.90,-4.29,112.61,NMDC.NS
WIPRO,510.00,528.55,508.50,506.85,524.50,17.65,3.48,"1,30,76,998",681.01,579.90,375.05,5.98,31.22,WIPRO.NS
OBEROIRLTY,"1,734.00","1,802.00","1,733.05","1,729.25","1,788.75",59.5,3.44,"8,99,262",160.43,"1,953.05","1,051.10",-0.64,60.23,OBEROIRLTY.NS
SAIL,145.00,147.98,143.84,142.59,147.41,4.82,3.38,"2,59,11,057",379.75,175.35,81.80,2.38,59.34,SAIL.NS
TATASTEEL,158.75,162.95,158.21,157.39,162.62,5.23,3.32,"4,56,42,032",738.85,184.60,114.60,-5.8,35.68,TATASTEEL.NS
ADANIENT,"2,995.00","3,109.00","2,988.10","2,973.50","3,072.25",98.75,3.32,"19,42,427",595.65,"3,743.90","2,142.00",-2.84,26.85,ADANIENT.NS
SUNPHARMA,"1,670.45","1,723.80","1,665.00","1,665.80","1,721.00",55.2,3.31,"45,91,049",780.31,"1,723.80","1,068.35",12.69,51.04,SUNPHARMA.NS
DIXON,"10,970.00","11,312.00","10,945.10","10,910.15","11,268.00",357.85,3.28,"2,92,939",327.04,"12,879.00","4,000.05",-1.1,178.30,DIXON.NS
SBILIFE,"1,686.25","1,777.70","1,686.25","1,695.40","1,750.60",55.2,3.26,"29,82,227",521.64,"1,777.70","1,251.65",20.68,35.05,SBILIFE.NS
LTIM,"5,599.85","5,811.90","5,585.05","5,597.90","5,780.00",182.1,3.25,"4,97,275",286.21,"6,442.00","4,513.55",11.8,19.04,LTIM.NS
HCLTECH,"1,602.80","1,640.00","1,594.00","1,587.60","1,638.80",51.2,3.22,"28,14,159",457.30,"1,697.35","1,096.00",13.27,46.36,HCLTECH.NS
ICICIPRULI,702.80,731.45,701.60,701.70,724.10,22.4,3.19,"38,00,832",274.53,731.45,463.45,21.53,26.66,ICICIPRULI.NS
HINDALCO,660.00,668.50,655.00,646.55,667.05,20.5,3.17,"47,30,539",313.75,715.25,438.15,-1.05,47.90,HINDALCO.NS
PFC,529.95,541.35,521.10,525.05,538.90,16.35,3.13,"91,26,406",487.16,580.00,189.52,12.27,112.73,PFC.NS
AUBANK,621.00,652.35,620.55,631.65,650.90,19.25,3.05,"45,55,752",292.51,813.40,553.70,-6.07,-10.81,AUBANK.NS
INFY,"1,825.35","1,883.00","1,825.35","1,824.85","1,880.00",55.15,3.02,"1,13,69,047","2,128.15","1,883.00","1,333.25",21.95,38.85,INFY.NS
LICHSGFIN,767.90,797.00,767.00,766.90,790.00,23.1,3.01,"17,76,371",139.49,826.75,390.00,1.61,99.22,LICHSGFIN.NS
BEL,303.80,310.50,302.00,301.45,310.45,9.0,2.99,"2,45,12,844",754.09,340.50,123.50,0.99,143.54,BEL.NS
ABCAPITAL,219.90,224.45,217.30,217.65,224.11,6.46,2.97,"70,18,470",155.40,246.90,155.00,-5.96,16.61,ABCAPITAL.NS
ABB,"7,698.95","7,870.00","7,649.35","7,623.80","7,849.00",225.2,2.95,"2,37,187",184.76,"9,149.95","3,850.00",-6.43,78.43,ABB.NS
HDFCLIFE,683.15,709.80,682.05,683.15,703.25,20.1,2.94,"89,33,046",625.98,710.60,511.40,19.4,6.17,HDFCLIFE.NS
TIINDIA,"4,050.00","4,185.00","4,050.00","4,030.00","4,148.00",118.0,2.93,"2,22,412",92.24,"4,681.70","2,758.00",-1.65,33.31,TIINDIA.NS
COALINDIA,498.25,511.70,498.25,494.00,508.45,14.45,2.93,"2,04,37,968","1,038.37",527.40,226.85,8.77,122.59,COALINDIA.NS
TATACOMM,"1,842.00","1,893.95","1,835.10","1,831.35","1,884.90",53.55,2.92,"5,88,627",110.65,"2,084.65","1,543.40",2.43,9.20,TATACOMM.NS
UPL,529.15,545.00,529.10,529.45,544.50,15.05,2.84,"14,88,053",80.56,639.05,447.80,-4.59,-13.18,UPL.NS
JSWSTEEL,880.00,908.80,875.30,874.50,899.00,24.5,2.8,"20,56,457",184.90,959.40,723.00,-2.03,13.46,JSWSTEEL.NS
NAUKRI,"7,040.00","7,210.00","7,007.60","7,013.60","7,210.00",196.4,2.8,"3,60,586",257.64,"7,210.00","3,972.05",6.51,57.25,NAUKRI.NS
IDBI,101.15,106.60,98.46,101.46,104.30,2.84,2.8,"8,72,54,681",895.06,106.60,56.85,23.21,80.31,IDBI.NS
POONAWALLA,370.00,379.40,365.95,365.65,375.75,10.1,2.76,"53,81,537",199.99,519.70,336.30,-9.82,0.31,POONAWALLA.NS
ZOMATO,219.00,226.62,216.85,219.31,225.35,6.04,2.75,"3,56,93,966",790.12,232.00,81.60,13.88,164.41,ZOMATO.NS
SUPREMEIND,"5,337.90","5,550.00","5,297.30","5,275.20","5,419.40",144.2,2.73,"2,45,224",134.15,"6,460.00","3,182.25",-5.69,49.18,SUPREMEIND.NS
ADANIPOWER,700.00,727.80,698.60,695.20,713.60,18.4,2.65,"54,83,714",391.19,895.85,250.10,-1.01,181.68,ADANIPOWER.NS
CONCOR,"1,016.00","1,046.05","1,016.00","1,014.90","1,041.00",26.1,2.57,"24,83,148",256.68,"1,180.00",645.90,-0.7,54.06,CONCOR.NS
DALBHARAT,"1,785.00","1,842.00","1,771.00","1,771.55","1,817.00",45.45,2.57,"5,85,129",106.37,"2,430.70","1,651.40",-0.42,-6.66,DALBHARAT.NS
RECLTD,614.10,629.05,607.50,608.00,623.55,15.55,2.56,"1,14,47,407",710.28,654.00,171.30,21.39,232.57,RECLTD.NS
ALKEM,"5,209.95","5,316.85","5,189.25","5,182.35","5,314.00",131.65,2.54,"1,71,272",90.47,"5,578.80","3,447.00",6.36,31.32,ALKEM.NS
NHPC,103.50,107.40,103.50,101.96,104.55,2.59,2.54,"7,41,50,250",781.91,118.40,48.40,4.93,112.64,NHPC.NS
LUPIN,"1,799.90","1,849.90","1,797.65","1,800.35","1,846.00",45.65,2.54,"10,40,578",191.36,"1,849.90",937.60,16.23,87.88,LUPIN.NS
LICI,"1,165.00","1,197.00","1,151.05","1,160.90","1,190.00",29.1,2.51,"77,29,718",912.01,"1,197.00",597.35,18.27,87.92,LICI.NS
M&M,"2,821.60","2,897.40","2,790.00","2,811.40","2,881.80",70.4,2.5,"23,52,661",673.06,"3,013.50","1,415.75",1.27,99.52,M&M.NS
SRF,"2,405.15","2,476.00","2,400.00","2,399.80","2,459.00",59.2,2.47,"13,59,673",331.74,"2,693.95","2,082.25",2.39,13.60,SRF.NS
MAXHEALTH,929.45,963.65,928.00,926.45,949.00,22.55,2.43,"9,09,751",86.67,979.90,508.50,7.85,57.31,MAXHEALTH.NS
TORNTPHARM,"3,090.55","3,257.15","3,087.95","3,085.25","3,160.00",74.75,2.42,"3,09,512",97.82,"3,257.15","1,772.05",14.49,60.39,TORNTPHARM.NS
APOLLOTYRE,544.30,558.50,532.50,537.00,550.00,13.0,2.42,"54,76,585",300.12,558.50,365.00,6.31,31.13,APOLLOTYRE.NS
MOTHERSON,191.39,196.65,191.39,191.38,196.00,4.62,2.41,"1,26,71,995",246.66,208.88,86.80,1.37,95.71,MOTHERSON.NS
ASTRAL,"2,184.00","2,237.55","2,184.00","2,174.25","2,226.50",52.25,2.4,"2,60,079",57.55,"2,454.00","1,740.00",-7.92,16.56,ASTRAL.NS
ITC,494.05,506.40,487.40,489.95,501.55,11.6,2.37,"2,07,36,094","1,033.09",510.65,399.35,18.46,7.99,ITC.NS
TVSMOTOR,"2,449.50","2,528.80","2,438.75","2,449.30","2,507.00",57.7,2.36,"13,28,315",332.60,"2,528.80","1,317.00",5.52,84.98,TVSMOTOR.NS
TATAMOTORS,"1,111.95","1,120.50","1,083.60","1,090.95","1,116.05",25.1,2.3,"2,12,32,845","2,340.75","1,120.50",593.30,17.49,73.73,TATAMOTORS.NS
TITAN,"3,405.80","3,501.70","3,393.00","3,405.80","3,484.05",78.25,2.3,"18,30,745",634.79,"3,886.95","2,882.45",3.6,16.39,TITAN.NS
EICHERMOT,"4,896.80","5,058.90","4,863.75","4,900.65","5,013.00",112.35,2.29,"6,25,674",312.86,"5,058.90","3,274.90",5.76,50.62,EICHERMOT.NS
BAJFINANCE,"6,675.05","6,808.40","6,667.10","6,647.75","6,799.50",151.75,2.28,"11,10,184",751.18,"8,192.00","6,187.80",-5.15,-6.79,BAJFINANCE.NS
VOLTAS,"1,464.90","1,498.75","1,461.60","1,461.60","1,494.65",33.05,2.26,"5,27,572",78.39,"1,560.00",756.95,-0.34,96.47,VOLTAS.NS
TATACHEM,"1,048.05","1,075.95","1,048.05","1,047.70","1,071.20",23.5,2.24,"8,73,682",93.13,"1,349.00",933.00,-1.99,7.75,TATACHEM.NS
CUMMINSIND,"3,629.00","3,744.90","3,624.05","3,610.70","3,691.50",80.8,2.24,"5,50,113",203.92,"4,171.90","1,653.30",-7.03,93.37,CUMMINSIND.NS
BAJAJ-AUTO,"9,319.00","9,505.00","9,268.45","9,278.25","9,483.00",204.75,2.21,"2,50,956",237.01,"10,038.80","4,541.00",0.19,95.69,BAJAJ-AUTO.NS
LT,"3,629.00","3,701.00","3,596.10","3,619.15","3,699.00",79.85,2.21,"26,17,659",957.59,"3,919.90","2,585.00",2.14,38.33,LT.NS
IPCALAB,"1,270.00","1,296.00","1,260.00","1,258.55","1,286.00",27.45,2.18,"5,02,512",64.42,"1,374.60",792.60,16.08,55.46,IPCALAB.NS
TATAMTRDVR,757.10,767.20,739.20,747.25,763.25,16.0,2.14,"27,21,101",205.38,767.20,392.95,19.68,82.45,TATAMTRDVR.NS
ZEEL,140.50,144.50,140.03,140.01,143.00,2.99,2.14,"1,47,53,283",210.99,299.70,125.50,-8.35,-39.72,ZEEL.NS
PETRONET,368.40,377.95,366.55,365.35,372.80,7.45,2.04,"73,75,450",275.22,377.95,191.70,18.32,65.51,PETRONET.NS
KOTAKBANK,"1,758.10","1,829.85","1,758.10","1,775.15","1,811.15",36.0,2.03,"53,09,351",960.51,"1,926.50","1,543.85",0.87,-3.20,KOTAKBANK.NS
BERGEPAINT,530.00,543.50,530.00,530.30,541.00,10.7,2.02,"14,60,612",78.91,679.75,439.00,9.4,-19.53,BERGEPAINT.NS
DLF,817.45,843.65,814.35,811.70,828.00,16.3,2.01,"55,03,367",457.59,967.60,463.05,0.48,62.43,DLF.NS
ULTRACEMCO,"11,441.50","11,742.45","11,395.60","11,441.50","11,664.05",222.55,1.95,"3,33,210",387.09,"12,078.00","7,987.65",4.76,40.84,ULTRACEMCO.NS
ESCORTS,"4,053.00","4,154.05","4,050.95","4,056.85","4,135.00",78.15,1.93,"2,82,855",116.13,"4,409.55","2,352.05",-2.48,69.25,ESCORTS.NS
LALPATHLAB,"2,975.00","3,082.50","2,972.10","3,018.75","3,074.95",56.2,1.86,"80,715",24.70,"3,095.00","1,943.70",12.08,24.04,LALPATHLAB.NS
AUROPHARMA,"1,365.80","1,389.00","1,360.95","1,362.80","1,388.00",25.2,1.85,"8,62,019",118.73,"1,409.90",784.55,15.71,65.90,AUROPHARMA.NS
BIOCON,366.00,376.80,363.35,361.85,368.50,6.65,1.84,"91,09,767",336.98,376.80,217.50,4.64,43.89,BIOCON.NS
PATANJALI,"1,631.00","1,675.00","1,631.00","1,639.95","1,670.00",30.05,1.83,"5,60,872",93.14,"1,764.40","1,169.95",7.15,-,PATANJALI.NS
INDUSINDBK,"1,365.00","1,409.00","1,359.05","1,379.10","1,404.00",24.9,1.81,"36,07,419",502.30,"1,694.50","1,354.05",-6.28,-0.83,INDUSINDBK.NS
PNB,117.25,120.30,117.03,117.72,119.84,2.12,1.8,"2,43,56,026",289.50,142.90,58.55,-3.55,92.23,PNB.NS
BANKBARODA,246.00,250.70,244.05,245.35,249.75,4.4,1.79,"1,61,44,925",399.30,299.70,185.75,-11.12,25.32,BANKBARODA.NS
ACC,"2,599.00","2,640.35","2,583.75","2,578.90","2,624.00",45.1,1.75,"4,10,895",107.60,"2,844.00","1,803.00",0.9,34.72,ACC.NS
INDIANB,570.00,585.00,567.25,567.65,577.55,9.9,1.74,"18,44,637",106.61,632.70,325.10,7.55,77.00,INDIANB.NS
CANBK,112.49,114.40,111.00,111.89,113.84,1.95,1.74,"5,42,79,930",610.97,128.90,63.85,-4.07,-66.98,CANBK.NS
GRASIM,"2,824.95","2,877.75","2,808.50","2,797.55","2,844.75",47.2,1.69,"7,01,236",199.75,"2,877.75","1,758.05",11.4,56.01,GRASIM.NS
TCS,"4,350.00","4,422.45","4,337.05","4,322.50","4,393.65",71.15,1.65,"35,52,210","1,559.58","4,422.45","3,311.00",13.8,29.17,TCS.NS
POLYCAB,"6,440.00","6,564.75","6,408.55","6,427.45","6,532.80",105.35,1.64,"4,77,709",310.98,"7,331.45","3,801.00",-8.8,39.30,POLYCAB.NS
TORNTPOWER,"1,540.30","1,574.00","1,536.95","1,534.95","1,560.00",25.05,1.63,"2,70,472",42.20,"1,687.00",613.50,3.02,146.32,TORNTPOWER.NS
BHEL,313.50,318.25,310.75,311.55,316.60,5.05,1.62,"1,60,11,265",504.64,335.35,94.80,7.29,206.57,BHEL.NS
ASIANPAINT,"2,902.20","2,964.45","2,900.70","2,901.40","2,948.35",46.95,1.62,"13,59,780",400.35,"3,422.95","2,670.10",3.03,-12.44,ASIANPAINT.NS
HAL,"4,850.00","4,933.75","4,842.00","4,830.05","4,908.00",77.95,1.61,"14,92,223",730.90,"5,674.75","1,767.80",-7.19,27.32,HAL.NS
APLAPOLLO,"1,460.55","1,498.00","1,455.40","1,460.55","1,484.00",23.45,1.61,"2,90,289",43.01,"1,800.00","1,305.00",-6.92,-1.41,APLAPOLLO.NS
ICICIBANK,"1,190.00","1,220.00","1,185.95","1,197.90","1,217.00",19.1,1.59,"1,93,09,265","2,320.22","1,257.80",899.00,-0.89,21.91,ICICIBANK.NS
VBL,"1,666.10","1,693.00","1,652.55","1,652.10","1,678.00",25.9,1.57,"28,55,109",477.39,"1,693.00",795.50,4.3,109.44,VBL.NS
DRREDDY,"6,888.95","6,966.00","6,791.60","6,853.20","6,960.00",106.8,1.56,"4,10,391",281.10,"6,966.00","5,205.55",13.32,24.91,DRREDDY.NS
TATAELXSI,"6,871.00","6,974.95","6,871.00","6,869.70","6,974.00",104.3,1.52,"68,837",47.76,"9,200.00","6,411.20",-1.81,-3.73,TATAELXSI.NS
HEROMOTOCO,"5,410.00","5,546.20","5,397.35","5,403.20","5,484.00",80.8,1.5,"5,17,306",284.11,"5,894.55","2,890.00",0.47,74.66,HEROMOTOCO.NS
POWERGRID,340.35,345.55,338.50,339.45,344.50,5.05,1.49,"1,14,68,068",394.01,348.75,179.82,5.36,37.30,POWERGRID.NS
IGL,539.45,542.85,530.60,535.00,542.85,7.85,1.47,"23,32,952",125.38,553.40,375.70,13.84,17.49,IGL.NS
MAHABANK,66.63,68.90,66.22,66.63,67.60,0.97,1.46,"2,88,77,039",195.01,73.50,32.70,4.75,98.62,MAHABANK.NS
AMBUJACEM,676.05,691.45,676.05,675.90,685.55,9.65,1.43,"19,14,855",131.33,706.95,404.05,4.47,52.62,AMBUJACEM.NS
ABFRL,327.50,331.35,326.75,325.65,330.25,4.6,1.41,"27,46,277",90.46,339.40,192.95,2.92,51.79,ABFRL.NS
IRCTC,976.00,991.35,972.90,969.15,982.80,13.65,1.41,"19,90,326",195.47,"1,138.90",617.05,-0.64,58.86,IRCTC.NS
M&MFIN,289.95,296.90,287.65,289.85,293.90,4.05,1.4,"20,51,866",60.14,323.95,237.35,-4.69,-5.87,M&MFIN.NS
SBIN,844.65,864.25,844.00,848.50,859.95,11.45,1.35,"1,20,81,506","1,035.98",912.00,543.20,2.02,39.88,SBIN.NS
PERSISTENT,"4,720.00","4,833.00","4,720.00","4,717.05","4,780.00",62.95,1.33,"1,89,950",90.96,"4,928.95","1,158.59",20.81,1.11,PERSISTENT.NS
FORTIS,508.45,532.25,507.00,503.40,510.00,6.6,1.31,"41,18,967",215.45,532.25,308.50,5.92,51.39,FORTIS.NS
YESBANK,24.67,25.11,24.65,24.62,24.94,0.32,1.3,"12,08,94,253",301.15,32.85,15.70,4.96,47.32,YESBANK.NS
TRENT,"5,360.00","5,411.55","5,325.00","5,309.95","5,378.65",68.7,1.29,"3,36,310",180.74,"5,754.95","1,670.40",0.55,215.58,TRENT.NS
MARUTI,"12,470.00","12,743.10","12,389.20","12,509.20","12,670.00",160.8,1.29,"5,37,693",677.56,"13,300.00","9,254.15",3.82,29.84,MARUTI.NS
POLICYBZR,"1,475.20","1,512.00","1,466.00","1,476.05","1,494.95",18.9,1.28,"3,59,770",53.89,"1,543.00",661.30,11.43,112.04,POLICYBZR.NS
SIEMENS,"6,880.60","6,977.15","6,840.05","6,836.95","6,920.05",83.1,1.22,"3,52,540",243.92,"7,968.70","3,246.00",-8.95,84.36,SIEMENS.NS
INDIGO,"4,442.60","4,510.00","4,415.50","4,432.20","4,483.00",50.8,1.15,"10,08,958",452.23,"4,609.80","2,333.35",6.33,76.22,INDIGO.NS
RELIANCE,"2,984.80","3,024.85","2,980.70","2,984.80","3,018.60",33.8,1.13,"49,29,970","1,484.95","3,217.60","2,220.30",-0.33,20.59,RELIANCE.NS
NTPC,394.95,399.50,389.70,392.15,396.55,4.4,1.12,"2,03,81,410",805.33,399.50,199.50,8.56,96.24,NTPC.NS
SUZLON,62.68,63.00,61.00,61.47,62.10,0.63,1.02,"6,78,58,407",421.94,63.75,17.45,17.3,246.72,SUZLON.NS
GODREJPROP,"3,124.00","3,148.85","3,080.80","3,099.15","3,130.45",31.3,1.01,"9,78,508",305.45,"3,402.70","1,495.30",2.03,83.28,GODREJPROP.NS
FACT,"1,019.00","1,037.85","1,005.10","1,007.85","1,018.00",10.15,1.01,"4,23,752",43.41,"1,187.00",413.15,0.5,111.75,FACT.NS
HINDPETRO,379.40,379.50,370.20,373.75,377.30,3.55,0.95,"93,01,896",349.10,396.53,159.47,12.93,29.53,HINDPETRO.NS
GLAND,"2,009.95","2,068.00","1,990.00","2,004.95","2,023.00",18.05,0.9,"1,27,144",25.83,"2,194.00","1,190.00",12.96,59.21,GLAND.NS
BPCL,327.95,329.40,323.40,326.15,329.05,2.9,0.89,"2,18,39,106",713.64,343.98,165.73,10.19,-13.30,BPCL.NS
MFSL,"1,100.00","1,132.50","1,095.45","1,097.05","1,106.75",9.7,0.88,"10,15,488",113.40,"1,132.50",763.00,14.05,36.50,MFSL.NS
KPITTECH,"1,805.00","1,815.00","1,778.15","1,773.95","1,789.00",15.05,0.85,"6,21,852",111.59,"1,928.70","1,038.00",12.33,64.90,KPITTECH.NS
JIOFIN,329.85,336.65,329.55,329.20,331.95,2.75,0.84,"96,88,122",322.80,394.70,202.80,-6.84,-,JIOFIN.NS
PIDILITIND,"3,115.55","3,148.95","3,110.15","3,109.55","3,135.00",25.45,0.82,"1,75,804",55.08,"3,243.05","2,292.55",-1.22,20.46,PIDILITIND.NS
SUNTV,816.50,833.00,811.25,816.25,822.90,6.65,0.81,"7,37,242",61.02,833.00,519.05,8.85,56.69,SUNTV.NS
ATGL,888.70,916.85,882.20,881.95,889.00,7.05,0.8,"28,35,570",253.22,"1,259.40",522.00,-0.58,35.76,ATGL.NS
BAJAJFINSV,"1,578.00","1,592.75","1,569.05","1,571.95","1,584.40",12.45,0.79,"27,68,936",438.40,"1,741.00","1,419.05",-0.86,-1.74,BAJAJFINSV.NS
GAIL,230.00,232.62,229.24,228.40,230.20,1.8,0.79,"1,66,86,103",385.17,239.11,111.50,8.06,97.80,GAIL.NS
HDFCAMC,"4,058.50","4,154.00","4,050.00","4,058.50","4,090.00",31.5,0.78,"3,81,052",156.79,"4,296.40","2,371.55",1.5,67.78,HDFCAMC.NS
TECHM,"1,530.00","1,544.65","1,444.25","1,530.00","1,541.00",11.0,0.72,"71,33,745","1,079.88","1,547.55","1,082.30",9.07,40.12,TECHM.NS
SHREECEM,"27,651.00","27,870.00","27,320.45","27,484.35","27,670.00",185.65,0.68,"25,287",69.83,"30,737.75","23,451.00",0.25,15.49,SHREECEM.NS
MRF,"1,37,890.00","1,39,322.95","1,36,206.05","1,37,590.10","1,38,503.70",913.61,0.66,"13,182",181.89,"1,51,445.00","1,01,400.05",10.28,35.61,MRF.NS
BAJAJHLDNG,"9,409.85","9,564.40","9,377.65","9,409.85","9,470.10",60.25,0.64,"17,040",16.15,"10,075.00","6,627.90",11.49,25.56,BAJAJHLDNG.NS
HAVELLS,"1,846.00","1,856.80","1,826.05","1,826.80","1,838.00",11.2,0.61,"8,14,890",150.08,"1,985.40","1,232.85",-4.15,39.85,HAVELLS.NS
UNIONBANK,132.30,133.35,130.82,132.03,132.80,0.77,0.58,"85,80,365",113.70,172.50,84.85,-5.41,44.27,UNIONBANK.NS
BRITANNIA,"5,830.00","5,882.65","5,813.10","5,829.60","5,860.00",30.4,0.52,"1,46,736",85.93,"6,005.00","4,347.70",8.32,20.51,BRITANNIA.NS
NYKAA,182.00,186.49,180.20,181.88,182.80,0.92,0.51,"43,52,320",79.92,195.50,130.10,4.75,25.89,NYKAA.NS
COFORGE,"6,321.70","6,407.05","6,321.70","6,321.70","6,353.05",31.35,0.5,"2,17,924",138.70,"6,847.45","4,287.25",19.12,35.18,COFORGE.NS
MARICO,675.80,682.00,672.80,675.00,678.00,3.0,0.44,"11,32,507",76.80,686.25,486.30,10.86,22.69,MARICO.NS
ZYDUSLIFE,"1,212.00","1,215.00","1,196.80","1,205.80","1,208.00",5.2,0.43,"13,47,634",162.56,"1,215.00",567.75,13.16,85.69,ZYDUSLIFE.NS
LTTS,"5,200.00","5,230.00","5,167.55","5,197.60","5,220.00",22.4,0.43,"1,20,576",62.80,"5,873.35","3,920.05",7.6,32.37,LTTS.NS
BDL,"1,410.10","1,433.30","1,406.15","1,406.85","1,412.20",5.35,0.38,"11,60,129",164.60,"1,794.70",450.00,-11.15,17.50,BDL.NS
BOSCHLTD,"34,751.05","35,000.00","34,563.15","34,751.05","34,875.05",124.0,0.36,"18,411",64.24,"36,678.00","17,931.15",2.25,84.88,BOSCHLTD.NS
BANKINDIA,118.85,120.39,118.21,118.78,119.20,0.42,0.35,"75,56,629",90.12,157.95,81.80,-3.66,40.85,BANKINDIA.NS
TATACONSUM,"1,216.05","1,218.95","1,205.40","1,223.60","1,212.80",4.2,0.35,"8,02,492",97.21,"1,256.44",820.05,11.66,42.77,TATACONSUM.NS
CGPOWER,733.00,735.60,718.40,728.60,730.80,2.2,0.3,"40,22,039",293.09,783.75,359.20,6.87,84.56,CGPOWER.NS
JUBLFOOD,582.00,583.10,576.25,578.30,580.00,1.7,0.29,"8,19,648",47.56,594.00,421.05,4.64,23.48,JUBLFOOD.NS
LODHA,"1,405.00","1,425.00","1,394.00","1,395.30","1,398.75",3.45,0.25,"5,03,216",70.65,"1,649.95",641.05,-2.22,92.88,LODHA.NS
PAGEIND,"41,490.00","41,620.00","41,181.10","41,320.25","41,401.00",80.75,0.2,"6,425",26.63,"42,885.00","33,070.05",4.7,11.27,PAGEIND.NS
DABUR,631.20,635.25,625.10,631.20,632.40,1.2,0.19,"14,69,979",92.79,662.35,489.20,5.09,10.22,DABUR.NS
ICICIGI,"1,958.00","1,980.05","1,952.20","1,960.50","1,963.95",3.45,0.18,"7,96,946",156.97,"1,980.05","1,266.00",10.1,44.90,ICICIGI.NS
MAZDOCK,"4,889.95","4,950.00","4,840.00","4,856.50","4,865.00",8.5,0.18,"9,70,791",474.88,"5,860.00","1,714.05",19.04,155.40,MAZDOCK.NS
HINDUNILVR,"2,724.00","2,727.00","2,687.25","2,707.20","2,710.00",2.8,0.1,"21,35,309",578.14,"2,811.30","2,172.05",10.85,5.49,HINDUNILVR.NS
IRFC,184.75,187.90,182.80,183.56,183.65,0.09,0.05,"5,05,38,191",934.70,229.00,34.55,4.8,426.37,IRFC.NS
AXISBANK,"1,165.00","1,183.15","1,155.25","1,175.90","1,176.00",0.1,0.01,"1,85,54,648","2,174.85","1,339.65",927.15,-8.41,22.65,AXISBANK.NS
HDFCBANK,"1,605.00","1,621.75","1,596.45","1,616.60","1,616.30",-0.3,-0.02,"2,19,05,270","3,525.35","1,794.00","1,363.55",-4.9,-3.29,HDFCBANK.NS
GUJGASLTD,649.45,653.65,644.00,649.45,649.10,-0.35,-0.05,"3,79,947",24.66,663.40,397.05,4.43,37.72,GUJGASLTD.NS
TATATECH,"1,000.00","1,004.00",997.10,999.55,998.65,-0.9,-0.09,"7,36,307",73.63,"1,400.00",982.25,-0.45,-,TATATECH.NS
NESTLEIND,"2,492.60","2,492.60","2,451.50","2,480.65","2,478.00",-2.65,-0.11,"16,19,693",399.62,"2,769.30","2,145.00",-2.26,-88.91,NESTLEIND.NS
IDFCFIRSTB,73.51,74.94,72.40,74.66,74.58,-0.08,-0.11,"4,88,15,501",360.84,100.70,70.80,-9.98,-9.78,IDFCFIRSTB.NS
OFSS,"11,200.00","11,320.00","11,051.00","11,084.10","11,065.00",-19.1,-0.17,"3,41,053",380.94,"11,395.95","3,779.25",16.87,192.75,OFSS.NS
IOC,178.34,178.92,175.55,176.85,176.49,-0.36,-0.2,"2,72,61,949",482.05,196.80,85.50,7.48,79.06,IOC.NS
SYNGENE,787.50,820.80,780.00,786.80,783.50,-3.3,-0.42,"23,27,035",186.81,860.25,607.65,10.37,-3.00,SYNGENE.NS
JSWINFRA,351.00,354.50,341.80,348.35,346.50,-1.85,-0.53,"20,20,520",70.37,360.95,142.20,5.38,-,JSWINFRA.NS
ADANIENSOL,"1,063.05","1,149.70","1,040.05","1,050.15","1,044.50",-5.65,-0.54,"81,82,577",886.79,"1,250.00",686.00,4.66,-,ADANIENSOL.NS
COLPAL,"3,146.00","3,188.00","3,132.15","3,152.45","3,132.15",-20.3,-0.64,"5,78,921",183.27,"3,205.00","1,874.20",12.97,58.11,COLPAL.NS
GODREJCP,"1,480.10","1,480.10","1,461.10","1,480.10","1,468.45",-11.65,-0.79,"2,81,948",41.38,"1,525.00",959.80,3.77,42.48,GODREJCP.NS
BSE,"2,473.45","2,477.80","2,421.70","2,468.30","2,448.00",-20.3,-0.82,"4,49,183",110.09,"3,264.70",738.85,-3.68,213.92,BSE.NS
KALYANKJIL,578.90,578.90,565.10,573.70,568.80,-4.9,-0.85,"12,32,940",70.07,633.60,162.65,24.34,223.16,KALYANKJIL.NS
DEEPAKNTR,"2,953.15","2,982.00","2,903.05","2,953.15","2,926.90",-26.25,-0.89,"2,30,661",68.03,"2,982.00","1,921.85",16.55,47.65,DEEPAKNTR.NS
SONACOMS,704.85,715.30,688.00,697.90,690.65,-7.25,-1.04,"10,69,519",74.96,764.50,488.10,7.83,16.68,SONACOMS.NS
ONGC,336.50,338.50,330.10,335.80,332.30,-3.5,-1.04,"2,57,03,985",854.55,338.50,168.90,23.85,93.92,ONGC.NS
OIL,575.00,576.90,557.45,566.90,560.25,-6.65,-1.17,"68,75,211",389.28,653.00,174.37,-20.01,105.07,OIL.NS
PRESTIGE,"1,854.95","1,917.00","1,820.00","1,850.05","1,827.70",-22.35,-1.21,"8,29,213",153.99,"2,074.80",541.25,-4.86,235.89,PRESTIGE.NS
ADANIGREEN,"1,887.80","1,903.65","1,788.00","1,820.50","1,797.95",-22.55,-1.24,"28,36,113",521.56,"2,174.10",815.55,1.66,61.16,ADANIGREEN.NS
SBICARD,730.40,730.40,718.10,730.50,720.70,-9.8,-1.34,"30,01,400",217.00,892.85,647.95,-1.41,-15.87,SBICARD.NS
UNITDSPR,"1,441.05","1,442.70","1,410.75","1,443.80","1,420.85",-22.95,-1.59,"8,92,506",126.89,"1,450.00",976.05,10.86,-,UNITDSPR.NS
DMART,"5,199.00","5,199.00","5,040.00","5,171.35","5,075.65",-95.7,-1.85,"2,34,445",119.49,"5,219.00","3,491.25",5.64,37.32,DMART.NS
FEDERALBNK,195.00,199.39,192.96,204.67,198.02,-6.65,-3.25,"2,66,11,586",524.09,205.15,130.50,11.76,47.87,FEDERALBNK.NS
RVNL,576.50,583.50,550.05,575.70,555.85,-19.85,-3.45,"2,16,01,968","1,214.48",647.00,119.65,35.02,338.37,RVNL.NS
MANKIND,"2,241.10","2,250.00","2,050.00","2,144.40","2,069.40",-75.0,-3.5,"33,39,635",696.41,"2,490.00","1,683.05",-3.91,11.05,MANKIND.NS
